user_type,user_name,profile_img,portrait_img,email,password,first_name,last_name,description,is_active,is_musician,is_logged
,pablotori98,https://picsum.photos/300/300,https://picsum.photos/800/800,pablotori98@gmail.com,Hola@12345,Pablo,Toribio,"Lorem ipsum dolor sit amet, consectetur adipiscing elit, sed do eiusmod tempor incididunt ut labore et dolore magna aliqua. Ut enim ad minim veniam, quis nostrud exercitation",true,true,false
,user1,https://picsum.photos/200/300,https://picsum.photos/800/800,user2@email.com,Hola@12345,User1,User1,"Lorem ipsum dolor sit amet, consectetur adipiscing elit, sed do eiusmod tempor incididunt ut labore et dolore magna aliqua. Ut enim ad minim veniam, quis nostrud exercitation",true,true,false
,pirfectmoses,https://picsum.photos/400/400,https://picsum.photos/800/800,user1@email.com,Hola@12345,SAK,Nair,"Lorem ipsum dolor sit amet, consectetur adipiscing elit, sed do eiusmod tempor incididunt ut labore et dolore magna aliqua. Ut enim ad minim veniam, quis nostrud exercitation",true,false,false
,bsknair1967,https://picsum.photos/300/300,https://picsum.photos/800/800,pirfectmoses@email.com,Hola@12345,Deepak,Preston,"Lorem ipsum dolor sit amet, consectetur adipiscing elit, sed do eiusmod tempor incididunt ut labore et dolore magna aliqua. Ut enim ad minim veniam, quis nostrud exercitation",true,true,false
,dedjven,https://picsum.photos/200/300,https://picsum.photos/800/800,bsknair1967@email.com,Hola@12345,Marcos,Vinicius,"Lorem ipsum dolor sit amet, consectetur adipiscing elit, sed do eiusmod tempor incididunt ut labore et dolore magna aliqua. Ut enim ad minim veniam, quis nostrud exercitation",true,false,false
,BrowAlves,https://picsum.photos/400/400,https://picsum.photos/800/800,dedjven@email.com,Hola@12345,Shri,Kanaujia,"Lorem ipsum dolor sit amet, consectetur adipiscing elit, sed do eiusmod tempor incididunt ut labore et dolore magna aliqua. Ut enim ad minim veniam, quis nostrud exercitation",true,true,false
,kanaujiask,https://picsum.photos/300/300,https://picsum.photos/800/800,BrowAlves@email.com,Hola@12345,Vishu,Cur,"Lorem ipsum dolor sit amet, consectetur adipiscing elit, sed do eiusmod tempor incididunt ut labore et dolore magna aliqua. Ut enim ad minim veniam, quis nostrud exercitation",true,false,false
,shreeswara,https://picsum.photos/200/300,https://picsum.photos/800/800,kanaujiask@email.com,Hola@12345,crystyane,Jack,"Lorem ipsum dolor sit amet, consectetur adipiscing elit, sed do eiusmod tempor incididunt ut labore et dolore magna aliqua. Ut enim ad minim veniam, quis nostrud exercitation",true,false,false
,crystyanesouza,https://picsum.photos/400/400,https://picsum.photos/800/800,shreeswara@email.com,Hola@12345,shashank,shukla,"Lorem ipsum dolor sit amet, consectetur adipiscing elit, sed do eiusmod tempor incididunt ut labore et dolore magna aliqua. Ut enim ad minim veniam, quis nostrud exercitation",true,true,false
,creativebugg,https://picsum.photos/300/300,https://picsum.photos/800/800,crystyanesouza@email.com,Hola@12345,santosh,nayak,"Lorem ipsum dolor sit amet, consectetur adipiscing elit, sed do eiusmod tempor incididunt ut labore et dolore magna aliqua. Ut enim ad minim veniam, quis nostrud exercitation",true,false,false
,santoshnayak1,https://picsum.photos/200/300,https://picsum.photos/800/800,creativebugg@email.com,Hola@12345,DATTARAM,PARAB,"Lorem ipsum dolor sit amet, consectetur adipiscing elit, sed do eiusmod tempor incididunt ut labore et dolore magna aliqua. Ut enim ad minim veniam, quis nostrud exercitation",true,false,false
,DATTARAMPARAB,https://picsum.photos/400/400,https://picsum.photos/800/800,santoshnayak1@email.com,Hola@12345,suraj,jadhao,"Lorem ipsum dolor sit amet, consectetur adipiscing elit, sed do eiusmod tempor incididunt ut labore et dolore magna aliqua. Ut enim ad minim veniam, quis nostrud exercitation",true,true,false
,surajjadhao,https://picsum.photos/300/300,https://picsum.photos/800/800,DATTARAMPARAB@email.com,Hola@12345,Nirmal,Jope,"Lorem ipsum dolor sit amet, consectetur adipiscing elit, sed do eiusmod tempor incididunt ut labore et dolore magna aliqua. Ut enim ad minim veniam, quis nostrud exercitation",true,false,false
,smartnirmal,https://picsum.photos/200/300,https://picsum.photos/800/800,surajjadhao@email.com,Hola@12345,Rochell,Camacho,"Lorem ipsum dolor sit amet, consectetur adipiscing elit, sed do eiusmod tempor incididunt ut labore et dolore magna aliqua. Ut enim ad minim veniam, quis nostrud exercitation",true,false,false
,rochellcam,https://picsum.photos/400/400,https://picsum.photos/800/800,smartnirmal@email.com,Hola@12345,Thomasena,Frank,"Lorem ipsum dolor sit amet, consectetur adipiscing elit, sed do eiusmod tempor incididunt ut labore et dolore magna aliqua. Ut enim ad minim veniam, quis nostrud exercitation",true,true,false
,thomasenafr,https://picsum.photos/300/300,https://picsum.photos/800/800,rochellcam@email.com,Hola@12345,Arnetta,Whitfield,"Lorem ipsum dolor sit amet, consectetur adipiscing elit, sed do eiusmod tempor incididunt ut labore et dolore magna aliqua. Ut enim ad minim veniam, quis nostrud exercitation",true,false,false
,whitfieldhzbja,https://picsum.photos/200/300,https://picsum.photos/800/800,thomasenafr@email.com,Hola@12345,Tonia,Jacobs,"Lorem ipsum dolor sit amet, consectetur adipiscing elit, sed do eiusmod tempor incididunt ut labore et dolore magna aliqua. Ut enim ad minim veniam, quis nostrud exercitation",true,false,false
,toniajacobsoeoi,https://picsum.photos/400/400,https://picsum.photos/800/800,whitfieldhzbja@email.com,Hola@12345,Kasandra,Bentley,"Lorem ipsum dolor sit amet, consectetur adipiscing elit, sed do eiusmod tempor incididunt ut labore et dolore magna aliqua. Ut enim ad minim veniam, quis nostrud exercitation",true,true,false
,kasandrapt,https://picsum.photos/300/300,https://picsum.photos/800/800,toniajacobsoeoi@email.com,Hola@12345,Stefania,Sears,"Lorem ipsum dolor sit amet, consectetur adipiscing elit, sed do eiusmod tempor incididunt ut labore et dolore magna aliqua. Ut enim ad minim veniam, quis nostrud exercitation",true,false,false
,searsfo,https://picsum.photos/200/300,https://picsum.photos/800/800,kasandrapt@email.com,Hola@12345,Shamika,Stark,"Lorem ipsum dolor sit amet, consectetur adipiscing elit, sed do eiusmod tempor incididunt ut labore et dolore magna aliqua. Ut enim ad minim veniam, quis nostrud exercitation",true,false,false
,shamikagbeav,https://picsum.photos/400/400,https://picsum.photos/800/800,searsfo@email.com,Hola@12345,Esperanza,Maxwell,"Lorem ipsum dolor sit amet, consectetur adipiscing elit, sed do eiusmod tempor incididunt ut labore et dolore magna aliqua. Ut enim ad minim veniam, quis nostrud exercitation",true,true,false
,maxwellln,https://picsum.photos/300/300,https://picsum.photos/800/800,shamikagbeav@email.com,Hola@12345,Janina,Castro,"Lorem ipsum dolor sit amet, consectetur adipiscing elit, sed do eiusmod tempor incididunt ut labore et dolore magna aliqua. Ut enim ad minim veniam, quis nostrud exercitation",true,false,false
,janinahzrom,https://picsum.photos/200/300,https://picsum.photos/800/800,maxwellln@email.com,Hola@12345,Myrtle,Bowman,"Lorem ipsum dolor sit amet, consectetur adipiscing elit, sed do eiusmod tempor incididunt ut labore et dolore magna aliqua. Ut enim ad minim veniam, quis nostrud exercitation",true,false,false
,bowmanfdhz,https://picsum.photos/400/400,https://picsum.photos/800/800,janinahzrom@email.com,Hola@12345,Genevieve,Page,"Lorem ipsum dolor sit amet, consectetur adipiscing elit, sed do eiusmod tempor incididunt ut labore et dolore magna aliqua. Ut enim ad minim veniam, quis nostrud exercitation",true,true,false
,genevieveqkf,https://picsum.photos/300/300,https://picsum.photos/800/800,bowmanfdhz@email.com,Hola@12345,Awilda,Fox,"Lorem ipsum dolor sit amet, consectetur adipiscing elit, sed do eiusmod tempor incididunt ut labore et dolore magna aliqua. Ut enim ad minim veniam, quis nostrud exercitation",true,false,false
,awildagxw,https://picsum.photos/200/300,https://picsum.photos/800/800,genevieveqkf@email.com,Hola@12345,Margarite,Robles,"Lorem ipsum dolor sit amet, consectetur adipiscing elit, sed do eiusmod tempor incididunt ut labore et dolore magna aliqua. Ut enim ad minim veniam, quis nostrud exercitation",true,false,false
,roblesxyfi,https://picsum.photos/400/400,https://picsum.photos/800/800,awildagxw@email.com,Hola@12345,Delila,Keller,"Lorem ipsum dolor sit amet, consectetur adipiscing elit, sed do eiusmod tempor incididunt ut labore et dolore magna aliqua. Ut enim ad minim veniam, quis nostrud exercitation",true,true,false
,delilanbly,https://picsum.photos/300/300,https://picsum.photos/800/800,roblesxyfi@email.com,Hola@12345,Iris,Wiggins,"Lorem ipsum dolor sit amet, consectetur adipiscing elit, sed do eiusmod tempor incididunt ut labore et dolore magna aliqua. Ut enim ad minim veniam, quis nostrud exercitation",true,false,false
,wigginssfhmy,https://picsum.photos/200/300,https://picsum.photos/800/800,delilanbly@email.com,Hola@12345,Izola,Tillman,"Lorem ipsum dolor sit amet, consectetur adipiscing elit, sed do eiusmod tempor incididunt ut labore et dolore magna aliqua. Ut enim ad minim veniam, quis nostrud exercitation",true,false,false
,izolaywwf,https://picsum.photos/400/400,https://picsum.photos/800/800,wigginssfhmy@email.com,Hola@12345,Brian,Dickson,"Lorem ipsum dolor sit amet, consectetur adipiscing elit, sed do eiusmod tempor incididunt ut labore et dolore magna aliqua. Ut enim ad minim veniam, quis nostrud exercitation",true,true,false
,briangq,https://picsum.photos/300/300,https://picsum.photos/800/800,izolaywwf@email.com,Hola@12345,Lamont,Church,"Lorem ipsum dolor sit amet, consectetur adipiscing elit, sed do eiusmod tempor incididunt ut labore et dolore magna aliqua. Ut enim ad minim veniam, quis nostrud exercitation",true,false,false
,churchrvxn,https://picsum.photos/200/300,https://picsum.photos/800/800,briangq@email.com,Hola@12345,Coleen,Bass,"Lorem ipsum dolor sit amet, consectetur adipiscing elit, sed do eiusmod tempor incididunt ut labore et dolore magna aliqua. Ut enim ad minim veniam, quis nostrud exercitation",true,false,false
,coleenbasssb,https://picsum.photos/400/400,https://picsum.photos/800/800,churchrvxn@email.com,Hola@12345,Christoper,Berger,"Lorem ipsum dolor sit amet, consectetur adipiscing elit, sed do eiusmod tempor incididunt ut labore et dolore magna aliqua. Ut enim ad minim veniam, quis nostrud exercitation",true,true,false
,christoperrzae,https://picsum.photos/300/300,https://picsum.photos/800/800,coleenbasssb@email.com,Hola@12345,Heike,Mathews,"Lorem ipsum dolor sit amet, consectetur adipiscing elit, sed do eiusmod tempor incididunt ut labore et dolore magna aliqua. Ut enim ad minim veniam, quis nostrud exercitation",true,false,false
,mathewstn,https://picsum.photos/200/300,https://picsum.photos/800/800,christoperrzae@email.com,Hola@12345,Carlota,Scott,"Lorem ipsum dolor sit amet, consectetur adipiscing elit, sed do eiusmod tempor incididunt ut labore et dolore magna aliqua. Ut enim ad minim veniam, quis nostrud exercitation",true,false,false
,carlotazh,https://picsum.photos/400/400,https://picsum.photos/800/800,mathewstn@email.com,Hola@12345,Jenelle,Gilmore,"Lorem ipsum dolor sit amet, consectetur adipiscing elit, sed do eiusmod tempor incididunt ut labore et dolore magna aliqua. Ut enim ad minim veniam, quis nostrud exercitation",true,true,false
,jenellegfs,https://picsum.photos/300/300,https://picsum.photos/800/800,carlotazh@email.com,Hola@12345,Candra,Dale,"Lorem ipsum dolor sit amet, consectetur adipiscing elit, sed do eiusmod tempor incididunt ut labore et dolore magna aliqua. Ut enim ad minim veniam, quis nostrud exercitation",true,false,false
,candradaleuyi,https://picsum.photos/200/300,https://picsum.photos/800/800,jenellegfs@email.com,Hola@12345,Travis,Harris,"Lorem ipsum dolor sit amet, consectetur adipiscing elit, sed do eiusmod tempor incididunt ut labore et dolore magna aliqua. Ut enim ad minim veniam, quis nostrud exercitation",true,false,false
,harrisnllbz,https://picsum.photos/400/400,https://picsum.photos/800/800,candradaleuyi@email.com,Hola@12345,Elvie,Carlson,"Lorem ipsum dolor sit amet, consectetur adipiscing elit, sed do eiusmod tempor incididunt ut labore et dolore magna aliqua. Ut enim ad minim veniam, quis nostrud exercitation",true,true,false
,elviecarlsonqj,https://picsum.photos/300/300,https://picsum.photos/800/800,harrisnllbz@email.com,Hola@12345,Kerry,Fletcher,"Lorem ipsum dolor sit amet, consectetur adipiscing elit, sed do eiusmod tempor incididunt ut labore et dolore magna aliqua. Ut enim ad minim veniam, quis nostrud exercitation",true,false,false
,kerryfletcheras,https://picsum.photos/200/300,https://picsum.photos/800/800,elviecarlsonqj@email.com,Hola@12345,Renay,Kirby,"Lorem ipsum dolor sit amet, consectetur adipiscing elit, sed do eiusmod tempor incididunt ut labore et dolore magna aliqua. Ut enim ad minim veniam, quis nostrud exercitation",true,false,false
,renaypwa,https://picsum.photos/400/400,https://picsum.photos/800/800,kerryfletcheras@email.com,Hola@12345,Esteban,Owens,"Lorem ipsum dolor sit amet, consectetur adipiscing elit, sed do eiusmod tempor incididunt ut labore et dolore magna aliqua. Ut enim ad minim veniam, quis nostrud exercitation",true,true,false
,estebanly,https://picsum.photos/300/300,https://picsum.photos/800/800,renaypwa@email.com,Hola@12345,Kaitlyn,Oliver,"Lorem ipsum dolor sit amet, consectetur adipiscing elit, sed do eiusmod tempor incididunt ut labore et dolore magna aliqua. Ut enim ad minim veniam, quis nostrud exercitation",true,false,false
,olivermsd,https://picsum.photos/200/300,https://picsum.photos/800/800,estebanly@email.com,Hola@12345,Malvina,Riddle,"Lorem ipsum dolor sit amet, consectetur adipiscing elit, sed do eiusmod tempor incididunt ut labore et dolore magna aliqua. Ut enim ad minim veniam, quis nostrud exercitation",true,false,false
,riddleualuz,https://picsum.photos/400/400,https://picsum.photos/800/800,olivermsd@email.com,Hola@12345,Corie,Watts,"Lorem ipsum dolor sit amet, consectetur adipiscing elit, sed do eiusmod tempor incididunt ut labore et dolore magna aliqua. Ut enim ad minim veniam, quis nostrud exercitation",true,true,false
,wattslhad,https://picsum.photos/300/300,https://picsum.photos/800/800,riddleualuz@email.com,Hola@12345,Nida,Douglas,"Lorem ipsum dolor sit amet, consectetur adipiscing elit, sed do eiusmod tempor incididunt ut labore et dolore magna aliqua. Ut enim ad minim veniam, quis nostrud exercitation",true,false,false
,nidadouglaserrs,https://picsum.photos/200/300,https://picsum.photos/800/800,wattslhad@email.com,Hola@12345,Sydney,Harmon,"Lorem ipsum dolor sit amet, consectetur adipiscing elit, sed do eiusmod tempor incididunt ut labore et dolore magna aliqua. Ut enim ad minim veniam, quis nostrud exercitation",true,false,false
,harmonfmgr,https://picsum.photos/400/400,https://picsum.photos/800/800,nidadouglaserrs@email.com,Hola@12345,Babara,Potts,"Lorem ipsum dolor sit amet, consectetur adipiscing elit, sed do eiusmod tempor incididunt ut labore et dolore magna aliqua. Ut enim ad minim veniam, quis nostrud exercitation",true,true,false
,pottsdegn,https://picsum.photos/300/300,https://picsum.photos/800/800,harmonfmgr@email.com,Hola@12345,Leopoldo,Hess,"Lorem ipsum dolor sit amet, consectetur adipiscing elit, sed do eiusmod tempor incididunt ut labore et dolore magna aliqua. Ut enim ad minim veniam, quis nostrud exercitation",true,false,false
,UnassignedByte2504,https://picsum.photos/300/301,https://picsum.photos/800/801,marcos.asp989@gmail.com,Hola@12345,Marcos,Saez,"Lorem ipsum dolor sit amet, consectetur adipiscing elit, sed do eiusmod tempor incididunt ut labore et dolore magna aliqua. Ut enim ad minim veniam, quis nostrud exercitation",true,true,false
